ID,Text,Star
3898,App is not getting update and it is not getting open too and saying u r using very old version plz update but it is not updating...,1
3901,Very coming in real status. Thank you,1
3905,I want to download greana free fire but that not comming in file,1
3925,Your download manager is garbage. Pls fix üò† next update,1
3928,Okk kind but bad then brave,1
3934,Unable to update won't load crashing at times unresponsive was a good reliable app now it's unreliable,1
3958,Sir my Chrome does not update please give me solution,1
4113,Good,1
4092,Says update but wont this whole thing is like its not even google im lost,1
4143,Good,1
5185,Z be l nook look t mm vmll and as aa√†afjio cft KK Ann t z g,1
5188,Been tripping all week. It won't update. Horrible horrible problems. Newer version won't update,1
5193,Update not proceeds due some technical issues Let resolve it,1
5217,It is the best app for browsing,1
5229,It crashes every time I search something honestly its like each update gets worse,1
5230,"Google team, Chrome is not getting updated from Google Play Store also. What to do.",1
5231,"I Depend on CHROME to GET it Right ‚ÄºÔ∏èüí•‚ÄºÔ∏è Moreso, TO KEEP IT RIGHT!! NEW msg reflects last update 12‚Ä¢12‚Ä¢2020 and still reflects Critical Update (... VULNERABILITY that May allow access to critical information, still trying... AGAIN! AGAIN!!) ‚ÄºÔ∏èüí•‚ÄºÔ∏è ALERT ‚ÄºÔ∏èüí•‚ÄºÔ∏è UPDATE AGAIN 12‚Ä¢21‚Ä¢2020. (same schidt, different day!! FIX THIS!!) Cache CLEARED, History CLEARED, Duplicates DELETED!!! C'MON GOOGLE ü§£ü§£ü§£ ELECTION INTERFERENCE AT IT'S FINEST (NOT)ü§£ü§™ü§£ü§™",1
5237,"Dark mode is acting up and changing screen light to super bright on it's own , super annoyed",1
5249,"Latest update turns my screen pink on some web pages I keep uninstalling the latest updates as it seems to be the cause. Please Google sort it out, also does it on smart assistant on my oppo Reno 2",1
5251,Ok,1
5842,Best,1
5844,Good,1
5847,Nice,1
5854,Chorme is best but without my permission it opening some web sites . When I'm playing the games like its opening some websites and when i 'm using whatsapp its opening.when I'm power on its showing again and again.So please fix its by giving some update,1
5913,I cant update app. Please help or fix. Wish i couod give no stars but not an option,1
5923,Good,1
5926,I am not even able to update chrome..... Solve this plz,1
8531,Good,1
8561,This app was using all my data for the month in a week. Changed to a different browser that uses way less data to view web pages. Now I don't have to upgrade my cell plan. Extra bonus the pages load faster on my new browser,1
8576,"I have samsung galaxy A71, Android 10 version mobile. New update for google chrome is avaible but unable to update new version of chrome. Pl. solve issue.",1
8584,W loo tobe exx so so xws to ewd to eve and e to get the order soowzss e u o to ed ok let osdeo to get ddos the above weüôÇüòÉü§©,1
8598,Mare mobile main Google update q nhi ho raha hai plz rep to me.,1
8601,No good,1
8607,It's not update facing problem.,1
12585,The top bar sometimes doesn't work and I'm unable to click on any tabs.,1
12589,"If you value freedom and liberty, switch to duckduckgo. Google uses its enormous power to destroy western culture and philosophy and it sticks its middle finger up at your privacy !",1
12599,IT IS GOOD FOR GAMING,1
12621,"I face so many problems from my Chrome application. It is not working as well, so please solve my Chrome mobile application as soon as possible. Thanks",1
12627,"Recently running incredibly slow despite only one or two active tabs. It's occasionally been claiming that I am offline despite other internet connected apps working fine. Updates close your incognito tabs, which is rather annoying. *Upon changing to a 1 star review suddenly now Google cares, it seems.",1
20387,Please collect information on yourselves and let me live and do as I wish without you feeling the need to know my every thought or action or reaction.. in other words don't be evil... Just do you boo,1
20414,Doing very well only about a week it started malfunctioning like opening a site and logging in to my account on the site would be impossible!; I also tried updating the app it started with downloading the update up to 100% and started all over again until my internet plan was exhausted. pls fix this asap üôè,1
20438,"Tabs don't swap or close on this latest version, can't even kill the app, just comes back with the same tabs open. Need a drop down menu close tab and a close all tabs menu option.",1
20439,This file sharing for third person,1
24318,"The update won't download, and from the other reviews it's probably a good thing!",1
24323,Refuse to update And when I want to download something sends me to play store,1
24373,Stuck like happening when I'm going to opening this not open at all.. this now happening from few days.,1
24391,Good,1
31573,"Hate it, I have been using the Google search widget for years, I click the microphone and talk, its been good just a beep letting me know its ready, now I click the microphone and I hear ""WHAT WOULD YOU LIKE TO SEARCH FOR....BEEP"" I DO NOT NEED TO BE ASKED ANYTHING.... ""WHAT WOULD YOU LIKE TO SEARCH FOR....BEEP"" ""WHAT WOULD YOU LIKE TO SEARCH FOR....BEEP"" ""WHAT WOULD YOU LIKE TO SEARCH FOR....BEEP"" ""WHAT WOULD YOU LIKE TO SEARCH FOR....BEEP"" ""WHAT WOULD YOU LIKE TO SEARCH FOR....BEEP""",1
31574,Good serving,1
31589,Fresh,1
31602,Excellent,1
31658,My chrome app not update in my phone.why ? Please help,1
36583,why is there no addon support on mobile. chrome freezes and crashes more then any of my apps.,1
36586,Do not like many issues it was ok before but recentlyit just wont work properly I,1
36610,Not able to update. There is certainly some issue with crome,1
36634,Cannot update fails everytime even after clearing cache,1
40301,Cool app,1
40376,Good on searching not on updating and installing,1
40377,Keeps glitching. The page keeps freezing on me. This chrome app needs to be fixed right away and updated as well. Very useless app and not worth my time. Please fix your glitches and updated. Your lucky you pepole got a star at all in your ratings. If you want 5 stars. Then fix this app.,1
40382,Hi google. My xiaomi note 9s cant seem to update. Cn you help?,1
40385,Will not update no matter what,1
47451,Nice n fast,1
47483,Good,1
47507,Really disappointing to see the recent updates with all the crashes and bugs going off around. Such a shame for a great company like google.,1
48279,I can't update this app. I hit update and it doesn't do anything. My phone has been crashing and running slow. I started using Duck Duck Go as my browser and have had better luck.,1
57424,Nice,1
57442,All free ads pop up,1
57478,A lil terrible but if you do know how to fix this please fix it. The thing is when i open something to download inside of chrome it shows ads. And its bothering me from the view. If you know how to fix this please kindly fix it.,1
62110,"Please bring back previous interface. The new tab interface is sooooo confusing with link only, no webpage image like the previous chrome. Pleaseeeeeee",1
62111,Good,1
62115,Best app,1
62120,Missing extensions support is big disadvantage of this browser. Use another better browser.,1
62126,"Not working as good , it should be jser friendly",1
62129,Worked great until I updated and now I can't even open it. Way to go! How long until this is fixed and we can search things?,1
62131,Constantly freezes and display a white blank page after being able to load a certain page.,1
62145,"I don't know whether the app is high. Almost all the time nothing displays when the app is launched, it just appears dark",1
62155,For two months it says that Chrome is ready for update. Every time I press the update button nothing happens.,1
62160,Chrome has been wonderful over the years for me but for some reason the app will not update. I cleared out all my cache and storage and it's still not updating. I don't know why !!!!! Can please some one help me!!!!!!!!!!,1
62161,U need to add vpn to it to protect people's IP Address because it not very secure or private . Add adblocker.,1
62171,Won't update. Not secure.,1
62183,"Not only do I not have the option to turn off the extremely glitchy group tab feature that google support has no answers for, but I can no longer add tabs to my home screen instead of bookmarking them (sync feature doesn't work so I can't view bookmarks or full history on other devices, support doesn't have answers for that either).",1
68647,Sir I unable to update this app Sir please help me to update it,1
68652,The update closed all my tabs and now I can't find the things I had open! if it's going to close your tabs give a warning so you can like screenshot what you have open or something.,1
68658,I wish i didnt update.,1
68660,I don't no anythingthats on this phone,1
68669,"Yo after this update, chrome is booty cheeks bruh on god",1
68686,"Wish I could rate it a zero. Ever since I updated all it does is send messages saying I have a virus and constant adds. Tried to delete the update, but it still keeps doing it.",1
68691,Great,1
68717,I don't want my business shared with anyone. I have been violated. I want sharing my information off. Please clear sharing with everyone.,1
68724,"This app will not update. So I'm gonna uninstall and download a better web bro see l tellwser. Let's hope that it does automatic updates, is safe and especially reliable. Google being one of the biggest Tech Giants today, we would at least think that the app would not of been this long without being fixed. Another reason I'm uninstalling is because of the length of time I have gotten linked back to the play store to update the app that simply won't do anything you can not even open the app.",1
69263,Can not update at all. Please advise,1
69273,Good,1
69275,This app not updated yet I already trying again and again but not updated poor service,1
69277,Nahi ho raha ha updated,1
69286,Why tf can't i update the damn app?,1
69288,super,1
78724,Nice,1
78738,Is fast secure I love it,1
78740,Not so good also not bad,1
78750,"it simply doesn't work. whenever i try to search something on google and open a certain link, the screen just goes black, and after some long seconds (maybe 30?), it crashes. it also takes a very long time to back up after trying to open the link. after noticing this, i went to the google app store to see if i had to update it, and it does show in fact that it needs an update, but it just doesn't. it's either stuck on ""pending"" or just stops. please try to fix this asap!",1
78759,Good,1
78762,Honestly if I could give it less I would. Cant even searcg anything after the update,1
78778,"When I try to update this app It doesn't allow me to. Well, I don't think it's my phone's fault. I clean the cache and couldn't uninstall to install back. Is there any way I can update this app?",1
78786,Its constantly showing clean phone after i cleaned it,1
78791,Plz how do u delete this,1
78815,Won't update and can't use it much and it's the only browser I have and use please fix this,1
78822,Trying to update chrome for over a week now and it refuses to update...it is 2 months now still can't update...I've given up and moved to DUCKDUCKGO....MUCH BETTER quick for loading and best for privacy...won't be going back to Google Chrome,1
83275,"The ""feature"" that allows Chrome to offline pages to save data is instead very inconvenient bug. I can't even get the page to load from a refresh, it always hits the offline cache. This probably works fine for SPAs but not server-side rendered sites.",1
83326,Its not responding to my request when I am searching or visiting a link. Please fix this. Thanks.,1
87037,"Always have to download updates from apkmirror, update from here crashes chrome! Update: Bromite is so much better, comes with ad-blocker too.",1
87071,Fine,1
87096,t Thanks again Vietta how's your car doing well I hope you have a great day and I will be able and willing to help you out with the next steps for me to do that we need to get the update on the status of the order I placed the order on your way back to the office I will send you my email address to use it for you if you need anything else from me please let me know what you need from me to get you a copy of the order I placed the right number for you to call for the next couple weeks so I'm goi.,1
87098,Good,1
87102,Please help me chrome team Google chrome new update is showing in play store when I click on update the app is not updating please help me üôèüôèüôè,1
87111,Chrome is not getting update i have click on update button but it get canceled immediately i have tried many times but same is happening. Please fix this!!,1
87134,Unable to update the application on Samsung tab a. Please help Google developer,1
90424,I updated just before 5 mins and its keep crashing. It freezes on startup and not able to any thing. It shows internet connection issue but on other side am getting continuous emails. Please fix.,1
90440,"I've just accessed my apps and games library specifically to see whether I've missed an update; I don't know what's going on but I'm having a lot of issues with this browser - this is new, 3 weeks or so - I was beginning to think I needed a new tablet:- please fix the issues.",1
90442,Best app ever,1
90444,I AM NOT ABLE TO UPDATE GOOGLE CHROME I DON'T KNOW WHY THIS PROBLEM IS OCCURING KINDLY FIX IT PLEASE,1
90451,This is to bring to your notice to an urgent solution for updating the the chrome app in my mobile handset.  I am not able to update the chrome app through play store after continuously trying for several times.  Please provide an urgent solution for the same.  Thank you,1
90454,"My security, says to update, and chrome, will not update.",1
90462,It says there is an update? But it will NOT UPDATE.... no matter what I do? What's going on Google? I rely on Google Chrome as my #1 Search.... Please get this FIXED!,1
90467,Nice,1
90478,I want to update Chrome browser but it cant processing,1
90479,"It won't let me use Google chrome without updating the app, but then it won't let me update it! PLEASE FIX THIS ASAP!!",1
90494,Nit abke to update... Tried more than 100 times Can somebody help,1
90511,Unable to update on my oppo a9 2020. I uninstalled previous updates and tried to clear all data cache of google play store and chrome. Still it is not updating.,1
90513,Good,1
99838,Please update my Google Chrome app Please help,1
99849,Why can't I update chrome to the latest version in my redmi k20 ? Is it a bug or anything else ? Please fix it .,1
99853,"What the heck happened to Google Chrome???!!! It used to be awesome just two days ago, and now it seems like a trash. I can't update it or download anything by using it. Please fix this early so that it can be useful like it before...",1
99899,I cannot update the chrome. It has some issues. Please resolve it for me.,1
99905,I cant even update the app on my phone how funny is that. Everytime i hit update it starts and stops instantly. What a Joke.,1
99906,Great,1
99922,App doesn't even update just like all the previous responses since Dec roll-out,1
99924,He is a good app,1
99925,Slow Internet download speed even my internet is stable!,1
99931,"Won't run crashes on startup, excellent testing there ü§î",1
102790,"I'm disappointed in Google to removing conservative apps, blocking conservative news. They have become true communists like China. Im removing everything Google! and I'm going to encourage everyone I know to not use any Google apps anymore. Get ready Google, we the people made you, we can destroy you.",1
102839,Not able to update this application .. pls help..,1
107631,Good,1
107673,How can delete me chrome on my phone Tell me please,1
107716,So good,1
107719,Please update my chrome,1
113042,Good,1
119495,"Used to be a good but it won't update now so it doesn't work properly because it will not update! Even though everytime I open the app it tells me to update but when I click on update it says ""pending"" then stops....?",1
119507,Best app ever,1
119514,"Android System Webview prevents Google chrome from updating. Do something. It first occurred on 10/5 2020, and 1-12-21 today.",1
119518,I am unable to complete an update. I have tried quite a few times but no luck. I don't know why or what to do,1
119530,Value saching,1
125689,Google has tracked my every move on line and offline sending me ads for text I have sent to friends like I need a oil change bro then boom when I get online I got advertisements trying to sell me oil changes. I have told friend in chat about a certain boot I wanna get boom the brand and the exact model is on my page. They have censored my search history to what I wanna look for they shift me going another way scary site stay away no good,1
125694,"Won't update, cannot get the update to work. Tried on wifi and mobile data nothing worked. Used to be an awesome browser but if I can't update it then security falls below standard and my information is at risk. Fix this asap.",1
125698,Good,1
125722,Good App,1
125758,It won't freaking load,1
125765,Good,1
125766,Absolute rubbish. It will consume every last available bit of memmory resources on your phone untill it crawls everything down to a standstill and crash. Google seems to think that all devices these days have 32gb ram and 16 core processors dedicated to run google apps,1
128185,Unable to update my Google Chrome browser. Please fix this,1
128203,I can update my chrome app please resolve this problem.,1
128218,"Its not possible for me to update my google Crome, since i have purchased my phone.can you please find a solution for this issue.",1
139121,I want to update this but not happening,1
139163,good,1
148179,It won't update no matter how much I try to make it. Even on other devices.,1
148185,"It will not update on my android cell. It's forever trying, but never completes. Should I delete it first from my cell? I don't want to mess up some other App,",1
148236,Not letting me update did everything fix please !!! Zero stars,1
156270,Plezz support Android 4.4.4,1
156275,"The app can't be updated, I've been trying to update it for months now, but it won't update... That's bad.",1
156296,I can't update this app Plz help,1
156323,Can't wait for government to take you down lol,1
156338,"I dont know what's happening right now but google isn't working at all for me, cant look anything up, the app closes and says that it's not working, so I thought maybe its because I havent updated it in like a million years, so I click the update button and it dosent work, I dont know what ti do right now?",1
158433,Google is better,1
158478,Last some moth has been not upadate working apps. So pls help ful solv this problem I'm my phone,1
163948,"Straight up won't update. Even has a notification in-app telling me to update, but it refuses to do it. Pixel 3a XL",1
163957,I'm being stalked. HELP,1
163961,From last 4 month i will be try to update this app but its not be done.... Shame on you,1
163983,I am unable to update my app Kindly help me in this regard,1
164000,Nice,1
164006,Not able to update this using goole play do something,1
164011,"so happy to say im finally getting rid of google chrome. it was difficult for a long time due to a lack of alternatives but the developers made it very easy to uninstall by making the browser more and more garbage and unusable, much appreciated, thank you <3!",1
164038,Better,1
170292,Cool,1
170302,"App won't update at all, tried restarting the phone numerous times as well as clearing all app data and it still won't update, browser is currently slow and cannot access some sites.",1
170306,I cant update my chrome from 19th jan 2020. Please help me out,1
170320,Good,1
170327,Wonderful,1
170370,Not updating Worst app,1
177070,Past 4 days Google chrome is not working at all I don't know why it is happening please solve the issue,1
177104,Good,1
177109,Super,1
177133,I can't update my Chrome since 6 months whenever play store shows me the updates of other applications the update of Chrome also shows but it doesn't update,1
177136,Wonderful,1
181853,Good,1
181857,Google you need to fix chrome it's giving me 90s vibes the way it's so slow and it keeps crashing I have to uninstall then reinstall to fix it. What's up?!,1
181862,Nice app i like this app,1
181867,Unable to update the app via play store.,1
193176,The app refuses to update. When I try to force update it cancels the update. If I need to start using another browser I will but hopefully this gets fixed soon.,1
193188,It has a virus on it and now it has the virus on my phone. Hopefully this will be fixed fast.,1
193218,Not bad,1
198447,"Please bring back the scrollable tabs because it was an easy and quick way to choose a tab no matter if there were 5 or 50. Also, please make life unbearable for all the idiots who decided to change it. Thank you",1
198469,Nice,1
208968,Not getting updating on android phone via play store.,1
208973,Google steals data and now is starting to become the enemy of the County by manipulate data to benefit China and other countries that align against the US. Brave and other secure browsers are better.,1
209000,"Why i can't update this app?? please someone,answer me...",1
209002,"The app always request me to update it...but when I try to update it doesn't update as normal as other applications,please try to solve this issue.",1
209014,A hacking parathola of goodness. I don't even know much about computers... something is not quite right. I'm not crazy for imagining it. What's crazy is the ones not fixing it. I don't believe I'm imagining it. I can know nothing about computers and imagine a problem you guys probably already know about. LATE.,1
209016,Very Heavyweight and battery draining app taking 3.2 GB space. Also this app cannot be moved to the SD card so that some space could have been saved from the phone memory.,1
209029,"No privacy. Use Brave, Firefox or DuckDuckGo instead.",1
210944,I can not update Google Chrome please help me to solve this issue,1
210974,"Dear developer ..... I can't update Google chrome.....so, I think you must be solve this issue as soon as possible...",1
210990,app keeps crashing and i cant update it. going to look for a better browser,1
210997,"Aibo im robbed, who ever is making updates is robing me. I've been trying to update the app but guess what... The 1st time it stoped at 98% downloading and started again, then when it reached 100% it continued to download . aibo my data you people ahh man no. I love this app dont make me switch.",1
211014,Not able to update. Please check and advice on it. Even still the same pleoblem is going on.,1
229662,New update forces tab groups. Even after disabling them they turn back on. I'm perfectly capable or making my own damn tab decisions I don't need y'all doing it for me.,1
229664,I'm not be able to update my crome browser when there is already showing for update. Every times I want to update it's just crashed,1
229671,Not updating stuck at 99%.,1
229673,Good,1
229707,Not updating.... Worst day by day,1
229710,Excellent,1
229721,I don't like the new tabs I liked the way it was before. Google is always fixing things that aren't broken just learn too leave well enough alone.,1
229743,Awesome,1
229758,Not responsible worst working now itself from 19,1
236564,Not updated my app google help me,1
236591,"Still can't update, really sucks for now",1
236593,its so fuccing helpful,1
236613,Good,1
236617,Good luck with,1
236631,1 questions_Updating problem pls remove Answer+ removed thanks Google,1
236638,BEWARE: THIS IS A HUGE SELLOUT 4 EVERYONE W/ATT/CNN/MSNBC/ MICROSOFT/CCP/DEMO-RATS/STUPID OLD RHINOS & MUCH MORE SINCE THEY'RE PUSH THE AD'S THAT I'VE EVER SEEN IN MY LIFE FROM THE START OF THE FIRST üíØ% PUSHIN THEY'RE NARRATIVES CNN BS DOWN OUR THROATS & AD'S THAT I'VE EVER SEEN N MY LIFE FROM FIRST CELL PHONE COMPANY 2 THESE SELLOUTS OF ATT THAN I'VE NEVER HAD THIS PROBLEM W/EITHER ONE OF THEIR MUCH BETTER COMPETITION OF VERIZON OR SPRINT MOBILE! STOP SELLIN US OUT ASAP ATT I'LL GO! #WWG1WGA,1
255703,"Doesn't update, vulnerable to cyber flaws, poor security, transfer your history, exposes your searches to hackers, essentially every internet search engine is vulnerable, likely a religious group. Even though the search is secure, if people don't like you, or what you are viewing online, hackers essentially just break the law and think they can black mail a person or businesses, identify theft happens, due to hackers. I would suggest checking to make sure dish networks are secure.",1
255710,Unable to update google chrome. Whenever new update comes in my play store .dont know why???,1
255735,This update for Google Chrome doesn't work. How can we clear this supposed update from the cell phone?,1
255779,"Remove the option of ""Close all tabs"" from the menu.. or atleast move it some place where I can't accidentally click it.",1
269394,Can't update Any ideas please,1
269404,"Still regressing. The discovery articles are trash, again. Still can't swipe away, now get suggestions that sometimes a year old, and now there's not even a more option at the bottom or anyway to refresh them. Thanks dumbasses",1
269438,It just won't update no matter what I do like it will not download the updates at all,1
269440,The App very good,1
278881,good app,1
278900,"Hi, I am having a problem with latest update. I can't upload files on my samsung tab s6 lite. Every time I am trying to open a file browser for upload it closes. I tried to do it with opera and Firefox and it works with them perfectly.",1
278944,Literally unusable. I got to bed to wake up to 40 tabs opened about virus alerts and malware attacks. Who has other good browser recommends.,1
278953,I m not uble to update my....chrome don't no why...but I m not able to click on update button. Till today I m not able to update my google chrom app,1
303334,don't like a new update at alllllll please change it back to old one,1
303386,I want to opening it,1
312901,It updates itself continuosly on one click to update it never stops updating .. and on pausing a file from downloading for long i am not able to continue downloading...it stops downloading .,1
312913,i am not able to update pls fix it,1
312930,Please Google remove your update why are you giving updates while update not working..,1
312953,üòÑüòÉ‚ò∫üòâüòÅüòå Good Luck To U üéÑ,1
312978,Thx for the tabs,1
312995,Taking Huge space,1
325675,"Drains battery like crazy, updates are buggy.",1
325678,"Please give me an option to remove the tab groups and go back to previous UX with one list. You just made my life way much more complex, i cannot find the tabs i need...",1
325679,4th Feb update üòñ‚ò† i liked that grouping tab and all. If there are some changes there should be a way to enable disable features‚ò†,1
325685,"Why the phuck can I not go to bookmarks anymore, this app is becoming a laughing stock",1
325696,I can't updated this app pls help us,1
325719,Free mb,1
325737,I am unable update crome in play store.not sure reason. Please help me to fix the issue.,1
325744,"Does not update, automatically or manually. I've tried every which way to do this. Also noticed that lately, the browser is slow, and many images don't appear! Perhaps the update would fix this...except well, itv went update!",1
325749,Best,1
341734,New tab system is annoying. Please enable duet chrome tab again. Please ! Also please stop changing the UI again and again.,1
341754,Pop ups are like a virus with chrome,1
341777,"I am happy with the simplicity of this app, but it trakes and keeps all user's data. And now, I don't know why but I am unable to update the app using Google Play Store. Please try fixing this bug as earliest of possible and let user have some privacy and don't play with users' centiments.",1
341794,"Does not update, Galaxy S20 FE. It would be nice if the update was properly tested before it is placed for users to use. Otherwise, I started to think that we get one more mICROSOFT instead of Google",1
341820,This page uses too much memory so chrome removed some content Annoying more than useful ease fix it,1
348952,Guys pls developers help me my chrome is not working and my Google too. Its bot getting updated and also not doing any searches only blank pages,1
348953,It's complicated...on purpose I'm sure ....a little awareness as to where we ought to be setting our phones would be very much appreciated?!,1
349008,Ok,1
349009,Won't update via Google Play. Thought issue was specific to Huawei phones but it's also the same for my samsung s21 ultra...,1
349012,Poco m3 not getting update plz solve it,1
369115,Dont like it im getting ads/promotions I didnt ask for.and i cant delite them bad very bad.,1
369119,"Rubbish... Don't bother.... won't install the update...not worth the hassle of clearing cache, switching off phone or dancing naked round a chocolate toffee in the pouring rain....JUST FIX THE UPDATE SO YOU DON'T HAVE TO KEEP MESSING AROUND....",1
369163,Screwed up! It's constantly signing me out. Calling this app üí© is being generous,1
369182,Please stop sending messages that contain ad,1
390934,"I want to update this app but that's didn't happen, I have infinix hot 9 pro mobile, please how to update this app, tell me",1
390951,Good,1
390954,Not updating.. How can i solve this issues please helpüôè,1
390963,Any page that found that may help when I open the page it's a sorry this page cannot be Found. Not a lot of help,1
390965,Please check the update,1
390993,Super,1
392798,New update is super annoying with recent tabs. Please give an option for both. A tab within a tab? Tabception. Uninstalling and getting the old version. This is garbage and not user friendly in the least bit. Amazing that a multi billion dollar company put this out,1
392799,Nice,1
392813,When I am trying to update the app it isn't working plz zzz fix this,1
392816,Releasing date update show date is different (ex - 4 February release but play store show 10 February ) very üò†üò°üò°,1
419456,Won't update same problem consistently never fixed,1
419482,I am unable to update the chrome kindly look into it and help me sorting out this,1
419492,"I FIND IT VERY DIFFICULT UPDATING MY GOOGLE CHROME, PLEASE HELP. IT KEEPS SPOOLING AND NO RESULT",1
429714,Plz ur the app does not update even if u try does not update why,1
429735,This app not updating on my phone. So tell me that how I am updating this app .. Thanks,1
429741,Ok,1
429748,Thise app good and i love it but i gave 1star because when i download any movie it take many time.,1
444274,Takes 5 ever but it's having help right L S,1
444291,There are many glitches and it is not updating fix these glitches please,1
444303,Super,1
444308,Ok,1
444320,Why I can't update? I have tried the link given but the result still the same. Is it okay for me NOT to update? Will it effect the Chrome performance?,1
444331,If I update a chrome its updated but I open and use chrome it asking me to update but I updated the chrome I using chrome in samsung tablet version 4.1.2 please solve my issue please my tab samsung tab 3,1
444335,good,1
444344,Always freezes and I don't support those who need with free speech,1
462138,Bilkul bakar ha apps bhout jaldi ya apps hank karne lagta ha aoor ubdate Kar rha hu to ubdate bhi nhi ho rha ha,1
462142,Nice app for us guys 2,1
462192,Very useful for me keep using guys good app !!!,1
462219,Unable to update Chrome app please find and fixed,1
476345,Better,1
476327,It is very nice application the application developer unless you delete them,1
476331,"This was good but the newest update makes way harder to navigate. By like why did you remove the ""open in new tab"" it was so useful and now these groups make it harder to browse.",1
476349,Not working. Worst update for mobile devices,1
476353,If it's not broken don't change it. Who thought it would be a good idea to change the tabs view option? I hate it! At least give me the option to bring it back!,1
476360,Thanks Best Western Union Bank LTD for you and broth and Jell-O salad for lunch tomorrow,1
476364,The mandatory new grouping is not comfortable.. should have left newtab option with multiple windows.. pls let me know how to revert back to old version,1
476371,Good,1
476376,Ok,1
476399,Please remove the group tab feature,1
476404,"When playing games 3hours my phone not get heated but using Chrome for using 30minutes its heat up my phone fastly, drain battery fastly",1
476412,Card view was much better! I definitely need it to be returned,1
482343,I can't update it plz help me out,1
482363,I can't able to update my Google chrome please I need help asap,1
482364,Very good,1
482374,You sent me a corrupt email by linking it to my new third phone and I lost my internet. Can't make calls. It's dropping calls more now so I know I am about to loss another phone. I have repeatedly asked you for help. Erasing my email won't fix it either. Because I have tried. I have bought three phones only to have you send me link to to a hacker. Plus they got into my bank. Thanks.,1
482384,App will not update. Terrible interface. Honestly one of the worst browsers in existence.,1
482390,Chrome is not updating in my note 7 Pro pls repair the issue,1
504385,"I am having problems with the app not loading website and I am getting messages that, Chrome has crashed. I have never had a problem with Chrome before. I will change the star reviews onelce the problem gets fixed",1
504417,Good,1
504427,please fix the tabs. I hate the new tabs. Better give back the old tabs:),1
504460,Previous version was much better,1
504473,It doesn't update.. Worst experience...,1
510972,"I'm unable to get it to update on or off wifi for months on my new, fully activated an LG Velvet! All I get is a rotating, pending updates circle wheel each time I have tried! It says pending up top and has a grayed out open button that read update prior to tapping it. (I am using my phone in Dark Mode when and where it can apply it). The button was next to a still pressable cancel button! I get infinite loop tapping the red update line in the righthand browser menu in Chrome or via store! Help!",1
510979,Not able to update the app from play store üòî,1
511038,No good,1
511046,Video autoplay for sites like Twitter are messed up. Getting a blank white screen unless I switch to fill screen.,1
527938,good,1
527946,I have looked out on my phone as a security I came with the phone and it came up and gave me a red flag saying that Chrome is a vulnerability fix immediately it's the only one that said that about so I'm deleting my Chrome I'm using brave now,1
527965,Man o man am I ever glad I didn't update this app . After reading the reviews I have realized it would not be a good idea to update it. So for now I'm going to stick with the previous version. One would assume that the smart people at Google would do a bit more research before fixing something that isn't broke. For the most part Google has been pretty good for me so I hope the next update will be a little more thought out and have a lot more positive reviews because this one had practically none,1
527976,Very nice üëåüëåüòäüëåüëåüëåüëåüëåüëåüëåüëåüëåüëåüëåüëå you have you,1
527986,"I don't know why there is a need to update a thing that's worling totally fine. I am on a tablet and the chrome works really bad after the update. I got a tip for those who *accidently* updated chrome. Uninstall it and then don't update again And for the people with pc browser, use Brave browser, it is really nice working browser better than chrome nowadays. (No promo) And this is for the devs,üñï",1
527991,No se ha dejado descargar,1
528001,Whoever approved the new UI changes definitely forgot to check UX. 0 rating on the New UX.,1
528009,Google is always safe,1
528010,This update sucks! You keep messing with my tabs!! Don't want to group tabs in a box!! Like the roll or swipe tabs better. I know where my stuff at. Fix it or I'll disable this browser!!!! NOT HAPPY...,1
548489,"Why it's not updating from play store ??? Also why it's not removing or deleting ??? Dear team, Plz sort out otherwise I will give zero rating",1
548491,"Worked just as desired until the update that forced tab groups. I don't want or need groups, so please give us the option of doing this instead of forcing it on us. At least give me the option to open a link into the same tab group. Why does it only give the option to open in a new group?! Google chrome? More like Google fail. Looks like it's back to Firefox until this gets resolved again.",1
548492,I am unable to update it ..tried many times but same result .kindly help me out,1
548493,God is grt,1
548502,"Buggy as of Feb 2021. Many sites don't work or the app freezes. Took away desktop mode before you ask for a web page when adding a new tab so sites send you to Google play store and they don't give you a chance to use them in desktop mode, New bugs especially in page organizing functions. If they fix all the recent bugs created in the past 2 months & had the ability to save websites to view later or open in the background like Firefox it would get 5 stars",1
548508,"Grouped tabs on a phone, I love having to squint to see what used to be easy to flip between. And no way to turn it off.",1
548515,My app has simply refused to update. I press the update button and it does nothing . So I guess injyst disable and use a different browser? Very sad because I live Chrome. But I've been unable to update for the past 4 devices.. what gives? Please help. Thanks,1
556586,It keeps telling me I have an update but will not update no matter how many times I try and it is messing with my phone. Please fix this.,1
556590,Absolutely nothing loads. I lost everything I was searching for and had saved. It force quits whenever I open it. I tried uninstalling the update and restarting and it's still garbage.,1
556647,Always frozen... I've clear app cache and data about 20 times but search something in the address bar it is still frozen...,1
556668,"Nevermind my issue was not fixed with recent update; still reloads last page after starting a new search. The change to the tabs section is what's preventing 5, stars, like grouped tabs, are people gonna open like 6 groups of 10 tabs each with a different category? I just wish I could switch that back it's just useless and annoying but looks like I gotta switch browsers instead ü§∑ opera here I come least there I don't have to see celebrity gossip labeled as ""news""",1
569871,My phones no sure,1
569913,Went from amazing to garbage. After the last update it will no longer refresh or load any relevant news. Just a few repetitive junk news articles. Please fix this garbage update.,1
569916,"Get rid of the tabs! Looks like the people at Google who design the GUI for the Chrome browser have never heard the saying, ""If it ain't broke don't fix it."" I was just fine with a list of tabs to flip through like it used to be up till a few days ago. I don't need mini views of each open page to remind me what I've been doing - I'm not an idiot - and I definitely don't need a piece of my screen real estate taken over to show me what tabs belong to the group. This is a ""feature"" no one needs.",1
569935,Nice app,1
588819,I couldn't able to update my chrome from past 1 year.. please help,1
588822,Can't even update it what a lol kind of app!!,1
588839,Cant believe that I cannot change the way for creating a new tab. I want to use the old version because it is easy to open website in a new tab than this current version. poor App and now I cant stand anymore. Bye google chrome.,1
588856,I am not able to update chrome. I don't know what's the reason. I what to do. Please reply.,1
588866,My chrome is not getting updated. When I try to update it is cancel automatically. Hope this will get fixed for me.,1
588888,Help,1
588892,Wont even install. Has been trying to install for days and continuously freezes. Pretty dissapointing.,1
611816,Please add dark mode like samsung browser,1
611850,No vry nice üôÑ,1
611859,Ok,1
611860,"It was fine until the last update, it takes forever to load",1
611862,"How to disable tab groups: Open Chrome Type, ""chrome://flags/"" Search, ""Tab Groups"" Disable results. Profit.",1
611877,Awesome,1
620144,This version is not getting updated on this Honor 10 device.,1
620158,Nice,1
620159,"The recent update made it rubbish, I switched to another browser , but still have chrome in mobile either fix it or users like me will uninstall it",1
620168,Chrome is not update option so please tell me,1
642243,It worked great but for some reason there are days it completely crashes and I can't use it! So i have to use other browser apps that don't have any of my bookmarks and tabs that were opened when chrome was working!,1
642244,"I can't update the app , I click on update button then pending and loading sign appears then it automatically cancelled the update. Kindly resolve this problem.",1
642250,Need improvement,1
642273,Nice,1
642338,"I specifically remember asking Google for help due to my information being stolen and I asked for a"" security key "" I ended up using the one that is built in to the phone, however when I had to factory so now I cannot get it to my Google account and reset it, I guess I reset the security key too ALL OF MY PERSONAL DATA AND INFORMATION IS IN THE ACCOUNT,, MY NAME AND SOCIAL SECURITY NUMBER ARE FLAGGED FOR IDENTITY THEFT, I'M SAYING THAT I WILL File a claim against Google ,",1
656066,Never had a problem with this app unitl recently. Not working properly and I can not update this app. üòîüòîüòî,1
656080,The app was working great until this recent update. It gets crashing nd the screen stops working in between while using this app. Google should look into it and resolve this ASAP. Not expected this kind of update from Google,1
659655,Good,1
659656,Good app,1
659661,Its good,1
659680,Im not able to update chrome on my mobile please fix the issue,1
684939,No good its not updated,1
684983,"Chrome is good, I trust this update will make it better.",1
